#{"t_start": 1615573320.0368266, "env_id": "ur5e_reacher-v1"}
r,l,t
-20.0,1000,5.2272
-20.0,1000,8.3995
-20.0,1000,11.288174
-20.0,1000,14.533556
-20.0,1000,17.580055
