#{"t_start": 1615821197.8032734, "env_id": "ur5e_reacher-v1"}
r,l,t
450.22,1000,1.558992
262.54,1000,20.173074
1.42,1000,41.728663
221.74,1000,62.01476
221.74,1000,83.224346
221.74,1000,103.770422
220.72,1000,129.694087
221.74,1000,135.733109
221.74,1000,141.80222
221.74,1000,147.841381
221.74,1000,153.707726
